datum;workout;type;rx/scaled;score;repschema;opmerkingen
22-09-2026;Grace;tijd;scaled;4m 11s;;40
21-09-2026;260921;tijd;scaled;4m 11s;;40kg
09-09-2026;260909;gewicht;rx;45 kg;;5:48
07-09-2026;260907;gewicht;rx;50 kg;;laatste twee sets 55 geprobeerd maar 4 en 3 keer gehaald
31-08-2026;260831;rondes + herhalingen;rx;3 / 240;;
15-07-2026;260715;tijd;scaled;6m 26s;;30kg. techniek kon beter
06-07-2026;260706;tijd;scaled;13m 42s;;30kg
29-06-2026;260629;tijd;scaled;12m 0s;;30kg 10 herhalingen van de laatste set burpees (110 herhalingen)
14-06-2026;260614;herhalingen;scaled;4 reps;;2x20 plates
60-70-80-85kg
knees to elbow
07-06-2026;260607;tijd;scaled;10m 0s;;30-32-34-37-40 kg
31-05-2026;260531;tijd;scaled;22m 5s;;bijna knees to elbow en niet zo ver wall walken
27-05-2026;260527;tijd;scaled;8m 50s;;70kg in plaats van 82,5-85???
23-03-2026;260323;gewicht;rx;53 kg;;
18-03-2026;260318;herhalingen;scaled;104 reps;;20kg. kipping pull-ups
16-03-2026;TOPSY;rondes + herhalingen;scaled;9 / 13;;30kg - ring muscle up transitions
15-03-2026;260315;tijd;scaled;18m 20s;;32 kg
shoulder taps vanuit wall walk
pike push up (benen ver naar achter)
hand release push ups
09-03-2026;260309;gewicht;rx;150 kg;;60-45-45
06-03-2026;OPEN WORKOUT 26.2;tijd;scaled;15m 0s;;17,5kg
overal pull-ups gedaan (niet allemaal kin boven bar)
101reps (alleen laatste pull-ups niet)
27-02-2026;OPEN WORKOUT 26.1;herhalingen;rx;202 reps;;
23-02-2026;260223;herhalingen;scaled;150 reps;;handstand hold 
en 2x2rondjes rennen en pull-ups
22-02-2026;260222;tijd;scaled;9m 30s;;kipping pull-up en single unders
19-02-2026;260219;afstand;rx;8000,00 m;;roeien
04-02-2026;260204;tijd;scaled;9m 59s;;40kg en GHB sit ups soms niet helemaal schouders onder de heupen
02-02-2026;260202;tijd;rx;14m 42s;;
30-01-2026;260130;tijd;scaled;15m 59s;;16kg
26-01-2026;260126;tijd;scaled;6m 57s;;22,5 kg en pull-ups. 50-75% hoog genoeg?
21-01-2026;260121;tijd;rx;12m 31s;;27kg
14-01-2026;260114;tijd;scaled;16m 15s;;one leg squat met voet achter staande voet
12-01-2026;260112;tijd;scaled;20m 16s;;"43x12,5kg db bench press; alle push ups op de knieën. laatste ring push ups ook beetje schuin"
09-01-2026;260109;tijd;scaled;14m 18s;;40kg. single unders
02-01-2026;Diane;tijd;scaled;8m 34s;;80kg pike push up
29-12-2025;Front rack reverse lunge;gewicht;rx;65 kg;;
29-12-2025;241229 / 251229;gewicht;rx;65 kg;;
24-12-2025;251224;tijd;scaled;7m 38s;;28kg en single unders
22-12-2025;251222;gewicht;rx;147 kg;;50 - 45 - 52
21-12-2025;251221;tijd;scaled;10m 0s;;30kg. tijd is gokje, niet gekeken
19-12-2025;251219;tijd;rx;14m 50s;;
10-12-2025;251210;herhalingen;scaled;105 reps;;en nog 42 push press 15kg in plaats van hspu
07-12-2025;251207;tijd;scaled;12m 0s;;109 herh 30kg tot over de 1m tegel lijn wall walk
05-12-2025;251205;tijd;rx;19m 12s;;
28-11-2025;251128;tijd;scaled;15m 12s;;pull-up bar niet hoog genoeg
26-11-2025;251126;gewicht;rx;60 kg;;
23-11-2025;251123;herhalingen;scaled;4070 reps;;60kg
19-11-2025;251119;tijd;scaled;16m 51s;;40kg push jerk
14-11-2025;251114;tijd;scaled;10m 0s;;35kg push press. 3 rondes en 10 med ball cleans
09-11-2025;251109;herhalingen;rx;100 reps;;45kg
05-11-2025;Diane;tijd;scaled;8m 0s;;70kg. pike push up knie op box
31-10-2025;251031;herhalingen;scaled;2700 reps;;30kg
27-10-2025;251027;herhalingen;scaled;81 reps;;17,5kg
16-04-2025;ANDI;tijd;scaled;24m 21s;;20kg
deadlifts in plaats van front squats ivm knie
09-04-2025;250409;herhalingen;scaled;6 reps;;push jerk 15kg
suitcase 22,5kg
07-04-2025;250407;tijd;scaled;13m 0s;;tijd niet gekeken
2x17,5 kg box step up 30cm ivm knie
knee to armpit
26-03-2025;250326;tijd;scaled;10m 13s;;25 kilo
over de bar stappen in plaats van springen in verband met knie
24-03-2025;Fran;tijd;scaled;9m 0s;;35kg hang clean en press
50-75% boven de bar uit met kipping pull-ups
19-03-2025;250319;herhalingen;rx;67 reps;;
12-03-2025;250312;tijd;scaled;10m 0s;;pike push ups. wel rx gewicht
07-03-2025;OPEN 22.3 / 25.2;tijd;scaled;11m 28s;;pull-ups met 1 voet op hoge box
single unders
plate to overhead in plaats van thrusters. 20 -25 -25
22-12-2024;241222;tijd;scaled;12m 0s;;bezig met laatste burpees. 6/30. 10kg
18-12-2024;241218;tijd;scaled;7m 59s;;45kg
15-12-2024;Christine;tijd;scaled;11m 44s;;70kg
08-12-2024;241208;herhalingen;scaled;116 reps;;40kg
muscle up dips en optrekken met voeten aan de grond
04-12-2024;OPEN 24.1;tijd;scaled;14m 27s;;16kg
27-11-2024;241127;tijd;scaled;10m 56s;;20kg KB
24-11-2024;240510;tijd;scaled;4m 44s;;45kg
20-11-2024;241120;gewicht;rx;40 kg;;
08-11-2024;HALF OPEN 20.1;tijd;scaled;8m 0s;;35kg power snatches
ronde 5 - 4 snatches
06-11-2024;241106;tijd;scaled;8m 33s;;2x22,5kg
27-10-2024;241027;tijd;scaled;11m 51s;;12,5kg
knee raises
16-10-2024;Fran;tijd;scaled;7m 40s;;jumping box pull ups
21 x barbell 30kg
de rest dumbells 20kg
13-10-2024;241013;herhalingen;scaled;164 reps;;
09-10-2024;241009;tijd;scaled;9m 0s;;
06-10-2024;241006;herhalingen;scaled;82 reps;;
27-09-2024;240927;tijd;scaled;8m 50s;;
23-09-2024;240923;herhalingen;scaled;530 reps;;
15-09-2024;240915;tijd;rx;20m 0s;;
13-09-2024;240913;herhalingen;rx;31 reps;;
17-08-2023;230817;tijd;scaled;9m 37s;;30kg
01-08-2023;230801;tijd;rx;11m 59s;;
30-06-2023;230630;afstand;rx;5317,00 m;;
17-05-2023;230517;tijd;scaled;18m 53s;;
10-05-2023;230510;tijd;rx;17m 24s;;
20-03-2023;230320;rondes + herhalingen;scaled;5 / 11;;
01-02-2023;230201;gewicht;rx;50 kg;;
11-01-2023;230111;tijd;scaled;14m 46s;;20kg
29-12-2022;221229;herhalingen;rx;315 reps;;
14-12-2022;221214;rondes + herhalingen;rx;7 / 0;;
09-09-2026;hang power clean;gewicht (sets vs reps);;;15 x 45 kg;
07-09-2026;push press;gewicht (sets vs reps);;;3 x 55 kg;
15-07-2026;push press;gewicht (sets vs reps);;;2 x 50 kg;
15-07-2026;front squat;gewicht (sets vs reps);;;2 x 50 kg;
15-07-2026;thruster;gewicht (sets vs reps);;;2 x 50 kg;
06-07-2026;power snatch;gewicht (sets vs reps);;;1 x 45 kg;
29-06-2026;thruster;gewicht (sets vs reps);;;1 x 47.5 kg;
14-06-2026;deadlift;gewicht (sets vs reps);;;5 x 85 kg;
07-06-2026;front squat;gewicht (sets vs reps);;;20 x 30 kg;
07-06-2026;front squat;gewicht (sets vs reps);;;16 x 32 kg;
07-06-2026;front squat;gewicht (sets vs reps);;;12 x 34 kg;
07-06-2026;front squat;gewicht (sets vs reps);;;8 x 37 kg;
07-06-2026;front squat;gewicht (sets vs reps);;;4 x 40 kg;
23-03-2026;split jerk;gewicht (sets vs reps);;;1 x 53 kg;
23-03-2026;push press;gewicht (sets vs reps);;;3 x 55 kg;
23-03-2026;push jerk;gewicht (sets vs reps);;;2 x 53 kg;
18-03-2026;overhead squat;gewicht (sets vs reps);;;10 x 30 kg;nog niet diep genoeg
09-03-2026;squat snatch;gewicht (sets vs reps);;;1 x 45 kg;niet echt diep
09-03-2026;hang squat snatch;gewicht (sets vs reps);;;1 x 45 kg;niet echt diep
04-03-2026;back squat;gewicht (sets vs reps);;;8 x 55 kg;
05-02-2026;power snatch;gewicht (sets vs reps);;;15 x 40 kg;
21-01-2026;shoulder press;gewicht (sets vs reps);;;2 x 45 kg;
21-01-2026;shoulder press;gewicht (sets vs reps);;;2 x 45 kg;
09-01-2026;front squat;gewicht (sets vs reps);;;5 x 45 kg;
22-12-2025;power snatch;gewicht (sets vs reps);;;1 x 52 kg;
22-12-2025;hang power snatch;gewicht (sets vs reps);;;1 x 45 kg;
21-12-2025;thruster;gewicht (sets vs reps);;;4 x 35 kg;
21-12-2025;thruster;gewicht (sets vs reps);;;7 x 30 kg;
26-11-2025;power clean;gewicht (sets vs reps);;;1 x 60 kg;
26-11-2025;hang power clean;gewicht (sets vs reps);;;1 x 60 kg;
26-11-2025;power clean;gewicht (sets vs reps);;;3 x 60 kg;
26-11-2025;hang power clean;gewicht (sets vs reps);;;2 x 60 kg;
15-11-2025;push press;gewicht (sets vs reps);;;10 x 35 kg;
15-11-2025;push press;gewicht (sets vs reps);;;10 x 35 kg;
15-11-2025;push press;gewicht (sets vs reps);;;10 x 35 kg;
15-11-2025;push jerk;gewicht (sets vs reps);;;5 x 40 kg;
12-11-2025;bench press;gewicht (sets vs reps);;;1 x 58 kg;
02-04-2025;power clean;gewicht (sets vs reps);;;1 x 55 kg;
26-02-2025;deadlift;gewicht (sets vs reps);;;4 x 95 kg;
19-12-2024;overhead squat;gewicht (sets vs reps);;;5 x 40 kg;
18-12-2024;clean & jerk;gewicht (sets vs reps);;;20 x 45 kg;
15-12-2024;deadlift;gewicht (sets vs reps);;;12 x 70 kg;
11-12-2024;thruster;gewicht (sets vs reps);;;1 x 57.5 kg;
11-12-2024;thruster;gewicht (sets vs reps);;;21 x 34 kg;
09-12-2024;hang power clean;gewicht (sets vs reps);;;12 x 40 kg;
24-11-2024;front squat;gewicht (sets vs reps);;;3 x 50 kg;
24-11-2024;hang power clean;gewicht (sets vs reps);;;3 x 50 kg;
20-11-2024;hang power snatch;gewicht (sets vs reps);;;3 x 40 kg;
14-11-2024;bench press;gewicht (sets vs reps);;;6 x 48 kg;
16-10-2024;thruster;gewicht (sets vs reps);;;21 x 30 kg;
06-10-2024;power clean;gewicht (sets vs reps);;;3 x 45 kg;
02-10-2024;back squat;gewicht (sets vs reps);;;5 x 45 kg;
30-09-2024;push jerk;gewicht (sets vs reps);;;1 x 35 kg;
17-09-2024;hang power clean;gewicht (sets vs reps);;;5 x 35 kg;
03-10-2023;back squat;gewicht (sets vs reps);;;1 x 60 kg;
05-07-2023;shoulder press;gewicht (sets vs reps);;;1 x 38 kg;
28-06-2023;back squat;gewicht (sets vs reps);;;1 x 40 kg;
21-06-2023;bench press;gewicht (sets vs reps);;;1 x 23 kg;
21-05-2023;push press;gewicht (sets vs reps);;;1 x 40 kg;
17-05-2023;hang power clean;gewicht (sets vs reps);;;1 x 43 kg;
14-05-2023;deadlift;gewicht (sets vs reps);;;1 x 90 kg;
19-04-2023;power snatch;gewicht (sets vs reps);;;1 x 47 kg;
01-04-2023;power snatch;gewicht (sets vs reps);;;1 x 37 kg;
23-02-2023;power clean;gewicht (sets vs reps);;;1 x 45 kg;
20-02-2023;deadlift;gewicht (sets vs reps);;;1 x 60 kg;
